latitude,longitude,bright_ti4,scan,track,acq_date,acq_time,satellite,instrument,confidence,version,bright_ti5,frp,daynight
22.48005,75.45055,332.38,0.39,0.36,2026-09-26,826,N,VIIRS,n,2.0NRT,304.57,1.66,D
22.50838,75.5974,330.51,0.39,0.36,2026-09-26,826,N,VIIRS,l,2.0NRT,302,1.37,D
22.77287,75.46678,333.85,0.39,0.36,2026-09-26,826,N,VIIRS,n,2.0NRT,301.38,1.54,D
22.95498,75.74214,331.92,0.4,0.37,2026-09-26,826,N,VIIRS,l,2.0NRT,306.62,1.58,D
23.07827,75.67865,334.97,0.4,0.37,2026-09-26,826,N,VIIRS,n,2.0NRT,298.29,2.29,D
23.09279,75.58939,333.54,0.4,0.37,2026-09-26,826,N,VIIRS,l,2.0NRT,304.78,1.39,D
23.71375,86.42519,297.42,0.65,0.73,2026-09-26,1910,N,VIIRS,n,2.0NRT,285.97,1.45,N
23.72104,86.41927,296.09,0.66,0.73,2026-09-26,1910,N,VIIRS,n,2.0NRT,285.1,1.45,N
23.72184,86.42175,296.68,0.66,0.73,2026-09-26,1910,N,VIIRS,n,2.0NRT,285.25,2.73,N
23.77815,86.39127,298.39,0.66,0.73,2026-09-26,1910,N,VIIRS,n,2.0NRT,284.69,3.37,N
23.7792,86.38734,303.84,0.66,0.73,2026-09-26,1910,N,VIIRS,n,2.0NRT,285.02,1.35,N
23.648,85.43565,303.51,0.39,0.59,2026-09-26,2055,N,VIIRS,n,2.0NRT,287.07,1.2,N
23.67983,86.39575,306.46,0.45,0.63,2026-09-26,2055,N,VIIRS,n,2.0NRT,286.37,1.57,N
23.68003,86.39574,306.5,0.45,0.63,2026-09-26,2055,N,VIIRS,n,2.0NRT,286.5,1.59,N
23.68083,86.39148,304.67,0.45,0.63,2026-09-26,2055,N,VIIRS,n,2.0NRT,286.59,1.57,N
23.68106,86.39149,303.57,0.45,0.63,2026-09-26,2055,N,VIIRS,n,2.0NRT,286.14,1.59,N
23.68655,86.39294,307.97,0.45,0.63,2026-09-26,2055,N,VIIRS,n,2.0NRT,286.61,1.57,N
23.68678,86.39294,307.15,0.45,0.63,2026-09-26,2055,N,VIIRS,n,2.0NRT,286.5,1.59,N
23.69284,85.36963,308.13,0.39,0.59,2026-09-26,2055,N,VIIRS,n,2.0NRT,288.18,0.8,N
23.69679,85.37194,310.27,0.39,0.59,2026-09-26,2055,N,VIIRS,n,2.0NRT,288.53,1.24,N
23.69822,85.37103,304.14,0.39,0.59,2026-09-26,2055,N,VIIRS,n,2.0NRT,288.39,0.8,N
23.73984,85.00698,304.88,0.37,0.58,2026-09-26,2055,N,VIIRS,n,2.0NRT,289.67,1.21,N
23.78792,85.55197,315.2,0.4,0.6,2026-09-26,2055,N,VIIRS,n,2.0NRT,288.68,1.24,N
23.92689,85.3446,302.11,0.38,0.59,2026-09-26,2055,N,VIIRS,n,2.0NRT,288.68,0.46,N
21.7473,83.84081,334.01,0.52,0.42,2026-09-27,805,N,VIIRS,n,2.0NRT,297.78,4.35,D
21.74979,83.84292,329.87,0.52,0.42,2026-09-27,805,N,VIIRS,n,2.0NRT,297.22,5.65,D
21.75286,83.97517,330.08,0.53,0.42,2026-09-27,805,N,VIIRS,n,2.0NRT,298.34,5.56,D
21.75564,83.84485,334.39,0.52,0.42,2026-09-27,805,N,VIIRS,n,2.0NRT,297.92,5.6,D
22.03977,83.72811,340.71,0.52,0.42,2026-09-27,805,N,VIIRS,n,2.0NRT,299.2,7.17,D
22.20943,84.86111,329.7,0.4,0.44,2026-09-27,805,N,VIIRS,l,2.0NRT,300.39,3.85,D
22.21492,84.87234,330.08,0.4,0.44,2026-09-27,805,N,VIIRS,l,2.0NRT,300.1,4.82,D
22.55833,75.41496,330.08,0.48,0.4,2026-09-27,805,N,VIIRS,l,2.0NRT,304.14,1.44,D
22.605,75.44363,333.18,0.48,0.4,2026-09-27,805,N,VIIRS,n,2.0NRT,304.47,2.73,D
22.69785,75.73141,332.61,0.46,0.39,2026-09-27,805,N,VIIRS,l,2.0NRT,305.99,1.91,D
22.72412,75.75379,330.32,0.46,0.39,2026-09-27,805,N,VIIRS,l,2.0NRT,304.05,1.17,D
22.77263,77.65042,331.49,0.4,0.37,2026-09-27,805,N,VIIRS,l,2.0NRT,303.11,3.23,D
22.7859,86.20767,329.82,0.49,0.49,2026-09-27,805,N,VIIRS,l,2.0NRT,300.3,6.75,D
22.7868,75.43302,338.51,0.48,0.4,2026-09-27,805,N,VIIRS,n,2.0NRT,306.56,3.29,D
22.78688,86.20416,330.95,0.49,0.49,2026-09-27,805,N,VIIRS,n,2.0NRT,300.55,5.64,D
22.81587,76.42957,334.95,0.43,0.38,2026-09-27,805,N,VIIRS,n,2.0NRT,306.45,2.25,D
22.93936,75.78203,332.78,0.46,0.39,2026-09-27,805,N,VIIRS,n,2.0NRT,306.59,1.78,D
22.98733,75.6756,334.54,0.46,0.39,2026-09-27,805,N,VIIRS,l,2.0NRT,305.79,3.2,D
23.00664,75.57074,331.86,0.47,0.39,2026-09-27,805,N,VIIRS,n,2.0NRT,305.84,1.45,D
23.00841,76.45298,335.75,0.43,0.38,2026-09-27,805,N,VIIRS,n,2.0NRT,306.1,2.38,D
23.01086,76.04304,331.38,0.45,0.39,2026-09-27,805,N,VIIRS,l,2.0NRT,305.32,1.77,D
23.10897,76.65594,330.69,0.42,0.38,2026-09-27,805,N,VIIRS,l,2.0NRT,305.17,1.96,D
23.15359,69.6377,353.4,0.34,0.56,2026-09-27,805,N,VIIRS,n,2.0NRT,300.26,5.26,D
23.20102,76.7266,332.06,0.42,0.38,2026-09-27,805,N,VIIRS,l,2.0NRT,305.75,1.92,D
23.21029,76.81641,338.88,0.42,0.37,2026-09-27,805,N,VIIRS,n,2.0NRT,307.15,4.71,D
23.27954,75.95929,336.63,0.45,0.39,2026-09-27,805,N,VIIRS,n,2.0NRT,305.3,2.35,D
23.28298,76.14919,330.14,0.44,0.38,2026-09-27,805,N,VIIRS,l,2.0NRT,303.82,1,D
23.42699,77.06773,330.45,0.41,0.37,2026-09-27,805,N,VIIRS,l,2.0NRT,305.37,2.41,D
23.68263,86.09346,334.09,0.5,0.49,2026-09-27,805,N,VIIRS,n,2.0NRT,296.54,6.1,D
23.68662,86.08797,345.76,0.5,0.49,2026-09-27,805,N,VIIRS,n,2.0NRT,295.89,6.1,D
23.75791,86.40195,330.43,0.52,0.5,2026-09-27,805,N,VIIRS,n,2.0NRT,294.37,5.66,D
21.50168,81.81111,305.83,0.43,0.38,2026-09-27,2034,N,VIIRS,n,2.0NRT,294.52,0.72,N
21.57656,82.0242,306.6,0.44,0.38,2026-09-27,2034,N,VIIRS,n,2.0NRT,295.37,0.9,N
21.6201,81.79542,305.1,0.43,0.38,2026-09-27,2034,N,VIIRS,n,2.0NRT,294.02,0.81,N
21.67192,82.08113,309.68,0.44,0.38,2026-09-27,2034,N,VIIRS,n,2.0NRT,294.91,1.53,N
21.67409,84.04257,307.2,0.55,0.42,2026-09-27,2034,N,VIIRS,n,2.0NRT,294.41,1.41,N
21.67892,84.03992,315.62,0.55,0.42,2026-09-27,2034,N,VIIRS,n,2.0NRT,294.91,2.46,N
21.67893,84.03822,314.96,0.55,0.42,2026-09-27,2034,N,VIIRS,n,2.0NRT,294.45,2.63,N
21.73124,82.21469,309.13,0.45,0.39,2026-09-27,2034,N,VIIRS,n,2.0NRT,295.54,1.18,N
21.7404,83.84351,307.75,0.53,0.42,2026-09-27,2034,N,VIIRS,n,2.0NRT,294.79,1.72,N
21.74422,83.84438,311.51,0.53,0.42,2026-09-27,2034,N,VIIRS,n,2.0NRT,294.6,1.72,N
21.74805,83.84522,318.78,0.53,0.42,2026-09-27,2034,N,VIIRS,n,2.0NRT,295.14,2.16,N
21.74902,83.8401,319.4,0.53,0.42,2026-09-27,2034,N,VIIRS,n,2.0NRT,294.74,2.16,N
21.75173,83.97424,327.62,0.54,0.42,2026-09-27,2034,N,VIIRS,n,2.0NRT,295.15,4.15,N
21.75284,83.84095,309.84,0.53,0.42,2026-09-27,2034,N,VIIRS,n,2.0NRT,294.55,2.16,N
21.75453,84.02354,308.73,0.54,0.42,2026-09-27,2034,N,VIIRS,n,2.0NRT,295.05,2.41,N
21.75666,83.84179,324.59,0.53,0.42,2026-09-27,2034,N,VIIRS,n,2.0NRT,295.92,2.26,N
21.75952,83.84772,313.07,0.53,0.42,2026-09-27,2034,N,VIIRS,n,2.0NRT,294.28,2.26,N
21.76048,83.84262,307.85,0.53,0.42,2026-09-27,2034,N,VIIRS,n,2.0NRT,294.2,2.26,N
21.76323,84.02,311.91,0.54,0.42,2026-09-27,2034,N,VIIRS,n,2.0NRT,295.11,2.3,N
21.76335,83.84856,320.79,0.53,0.42,2026-09-27,2034,N,VIIRS,n,2.0NRT,295.87,2.82,N
21.7671,84.02085,316.66,0.54,0.42,2026-09-27,2034,N,VIIRS,n,2.0NRT,295.57,2.3,N
21.79087,80.01557,307.53,0.39,0.36,2026-09-27,2034,N,VIIRS,n,2.0NRT,293.82,0.41,N
21.79689,83.88231,306.84,0.53,0.42,2026-09-27,2034,N,VIIRS,n,2.0NRT,293.98,1.75,N
21.80208,82.04013,312.65,0.44,0.38,2026-09-27,2034,N,VIIRS,n,2.0NRT,295.48,1.24,N
21.8023,85.56567,304.4,0.44,0.46,2026-09-27,2034,N,VIIRS,n,2.0NRT,290.68,1.07,N
21.82629,83.90073,305.29,0.53,0.42,2026-09-27,2034,N,VIIRS,n,2.0NRT,294.64,1.58,N
21.85783,83.96645,305.13,0.54,0.42,2026-09-27,2034,N,VIIRS,n,2.0NRT,294.23,1.21,N
21.87623,83.49428,309.29,0.51,0.41,2026-09-27,2034,N,VIIRS,n,2.0NRT,294.11,1.76,N
21.87678,83.55539,309.54,0.51,0.41,2026-09-27,2034,N,VIIRS,n,2.0NRT,293.92,1.33,N
21.91756,83.35237,306,0.5,0.41,2026-09-27,2034,N,VIIRS,n,2.0NRT,294.13,1.7,N
21.91855,83.34946,309.16,0.5,0.41,2026-09-27,2034,N,VIIRS,n,2.0NRT,294.41,2.97,N
21.92128,83.35315,321.47,0.5,0.41,2026-09-27,2034,N,VIIRS,n,2.0NRT,296.5,1.7,N
21.92215,83.34835,312.48,0.5,0.41,2026-09-27,2034,N,VIIRS,n,2.0NRT,295.63,2.9,N
21.92227,83.35024,324.72,0.5,0.41,2026-09-27,2034,N,VIIRS,n,2.0NRT,297.13,2.97,N
21.92405,83.34068,308.66,0.5,0.41,2026-09-27,2034,N,VIIRS,n,2.0NRT,294.82,1.56,N
21.96364,83.77354,307.66,0.52,0.42,2026-09-27,2034,N,VIIRS,n,2.0NRT,294.54,1.21,N
21.9692,85.31464,309.94,0.42,0.46,2026-09-27,2034,N,VIIRS,n,2.0NRT,290.21,1.93,N
21.98591,83.23536,308.87,0.49,0.4,2026-09-27,2034,N,VIIRS,n,2.0NRT,294.12,0.75,N
22.00305,82.66702,306.18,0.46,0.39,2026-09-27,2034,N,VIIRS,n,2.0NRT,294.52,1.26,N
22.00585,82.67216,310.1,0.46,0.39,2026-09-27,2034,N,VIIRS,n,2.0NRT,294.84,1.77,N
22.01484,83.7532,316.41,0.52,0.42,2026-09-27,2034,N,VIIRS,n,2.0NRT,294.65,2.69,N
22.03247,83.36559,305.76,0.5,0.41,2026-09-27,2034,N,VIIRS,n,2.0NRT,294.39,1.67,N
22.03727,83.35447,307.84,0.5,0.41,2026-09-27,2034,N,VIIRS,n,2.0NRT,294.62,2.37,N
22.03814,83.34968,310.25,0.5,0.41,2026-09-27,2034,N,VIIRS,n,2.0NRT,294.28,1.47,N
22.03842,83.73227,310.03,0.52,0.41,2026-09-27,2034,N,VIIRS,n,2.0NRT,295.24,2.19,N
22.03887,83.35196,316.81,0.5,0.41,2026-09-27,2034,N,VIIRS,n,2.0NRT,295.39,3.05,N
22.03934,83.72729,320.98,0.52,0.41,2026-09-27,2034,N,VIIRS,n,2.0NRT,294.71,2.19,N
22.04312,83.72813,318.71,0.52,0.41,2026-09-27,2034,N,VIIRS,n,2.0NRT,294.35,2.83,N
22.06662,83.70726,305.57,0.52,0.41,2026-09-27,2034,N,VIIRS,n,2.0NRT,293.75,1.36,N
22.1345,85.38403,302.85,0.43,0.46,2026-09-27,2034,N,VIIRS,n,2.0NRT,290.8,1.24,N
22.15465,82.09659,307.5,0.44,0.38,2026-09-27,2034,N,VIIRS,n,2.0NRT,294.84,1.01,N
22.26372,75.13388,310.03,0.51,0.41,2026-09-27,2034,N,VIIRS,n,2.0NRT,295.29,1.22,N
22.31622,82.53326,308.78,0.45,0.39,2026-09-27,2034,N,VIIRS,n,2.0NRT,294.08,1.31,N
22.31864,82.56088,312.81,0.45,0.39,2026-09-27,2034,N,VIIRS,n,2.0NRT,295.05,2.2,N
22.32106,82.5886,309.31,0.45,0.39,2026-09-27,2034,N,VIIRS,n,2.0NRT,294.19,1.68,N
22.32142,82.56599,306.47,0.45,0.39,2026-09-27,2034,N,VIIRS,n,2.0NRT,294.46,1.38,N
22.32939,82.604,309.1,0.45,0.39,2026-09-27,2034,N,VIIRS,n,2.0NRT,293.92,1.62,N
22.35705,82.30496,312.91,0.44,0.39,2026-09-27,2034,N,VIIRS,n,2.0NRT,295.13,1.48,N
22.35781,82.3007,334.85,0.44,0.38,2026-09-27,2034,N,VIIRS,n,2.0NRT,294.92,2.71,N
22.36133,82.30141,313.73,0.44,0.38,2026-09-27,2034,N,VIIRS,n,2.0NRT,294.66,2.71,N
22.41627,69.03776,312.06,0.4,0.6,2026-09-27,2034,N,VIIRS,n,2.0NRT,294.73,1.88,N
22.57331,85.8971,307.93,0.45,0.47,2026-09-27,2034,N,VIIRS,n,2.0NRT,293.68,1.38,N
22.57417,85.89282,311.64,0.45,0.47,2026-09-27,2034,N,VIIRS,n,2.0NRT,293.92,1.38,N
22.60985,85.91479,306.8,0.45,0.47,2026-09-27,2034,N,VIIRS,n,2.0NRT,293.28,1.55,N
22.78362,86.20631,310.37,0.46,0.47,2026-09-27,2034,N,VIIRS,n,2.0NRT,293.57,1.03,N
22.78493,86.20419,316.8,0.46,0.47,2026-09-27,2034,N,VIIRS,n,2.0NRT,293.83,3.25,N
22.78793,86.20736,307.96,0.46,0.47,2026-09-27,2034,N,VIIRS,n,2.0NRT,294.1,1.03,N
22.7897,86.19843,311.72,0.46,0.47,2026-09-27,2034,N,VIIRS,n,2.0NRT,294.46,3.53,N
22.79107,86.19632,309.75,0.46,0.47,2026-09-27,2034,N,VIIRS,n,2.0NRT,294.42,3.21,N
22.80227,86.08961,306.86,0.46,0.47,2026-09-27,2034,N,VIIRS,n,2.0NRT,293.63,2.24,N
22.80956,86.08434,306.31,0.46,0.47,2026-09-27,2034,N,VIIRS,n,2.0NRT,293.1,1.38,N
22.81172,86.08716,312.45,0.46,0.47,2026-09-27,2034,N,VIIRS,n,2.0NRT,293.68,1.85,N
22.87227,86.06234,309.66,0.45,0.47,2026-09-27,2034,N,VIIRS,n,2.0NRT,293.19,1.43,N
22.92569,69.8226,305.08,0.36,0.57,2026-09-27,2034,N,VIIRS,n,2.0NRT,294.9,1.46,N
22.93259,69.69594,303.53,0.37,0.58,2026-09-27,2034,N,VIIRS,n,2.0NRT,291.42,0.75,N
23.16371,82.34002,314.84,0.44,0.38,2026-09-27,2034,N,VIIRS,n,2.0NRT,293.19,1.95,N
23.16446,82.33576,320.08,0.43,0.38,2026-09-27,2034,N,VIIRS,n,2.0NRT,293.38,1.95,N
23.16647,82.34494,312.13,0.44,0.38,2026-09-27,2034,N,VIIRS,n,2.0NRT,293.04,1.03,N
23.16721,82.34071,319.85,0.44,0.38,2026-09-27,2034,N,VIIRS,n,2.0NRT,294.18,1.95,N
23.61588,86.78912,308.41,0.49,0.48,2026-09-27,2034,N,VIIRS,n,2.0NRT,293,1.4,N
23.6464,85.43896,314.34,0.4,0.45,2026-09-27,2034,N,VIIRS,n,2.0NRT,293.5,1.61,N
23.65434,85.50674,305.83,0.41,0.45,2026-09-27,2034,N,VIIRS,n,2.0NRT,293.12,0.83,N
23.66714,86.93359,305.61,0.49,0.49,2026-09-27,2034,N,VIIRS,n,2.0NRT,292.19,0.65,N
23.66939,86.09221,307.18,0.44,0.46,2026-09-27,2034,N,VIIRS,n,2.0NRT,292.13,1.42,N
23.6753,86.08466,310.35,0.44,0.46,2026-09-27,2034,N,VIIRS,n,2.0NRT,292.52,1.17,N
23.67701,86.39963,317.59,0.46,0.47,2026-09-27,2034,N,VIIRS,n,2.0NRT,294.15,3.9,N
23.67745,85.32369,304.12,0.4,0.44,2026-09-27,2034,N,VIIRS,n,2.0NRT,293.12,0.77,N
23.67792,86.39514,318.94,0.46,0.47,2026-09-27,2034,N,VIIRS,n,2.0NRT,293.88,3.77,N
23.67951,86.08569,308.05,0.44,0.46,2026-09-27,2034,N,VIIRS,n,2.0NRT,292.74,2.07,N
23.67978,86.10174,307.43,0.44,0.46,2026-09-27,2034,N,VIIRS,n,2.0NRT,293.25,2.09,N
23.68118,86.09958,308.01,0.44,0.46,2026-09-27,2034,N,VIIRS,n,2.0NRT,293.1,2.15,N
23.68153,86.09319,311.36,0.44,0.46,2026-09-27,2034,N,VIIRS,n,2.0NRT,292.47,1.83,N
23.68202,86.09529,311.53,0.44,0.46,2026-09-27,2034,N,VIIRS,n,2.0NRT,292.15,2.12,N
23.68222,86.39612,312.79,0.46,0.47,2026-09-27,2034,N,VIIRS,n,2.0NRT,293.59,1.57,N
23.68311,86.39174,312.46,0.46,0.47,2026-09-27,2034,N,VIIRS,n,2.0NRT,293.64,1.57,N
23.68742,86.3927,312.27,0.46,0.47,2026-09-27,2034,N,VIIRS,n,2.0NRT,293.12,1.57,N
23.69331,85.37205,315.54,0.4,0.44,2026-09-27,2034,N,VIIRS,n,2.0NRT,293.44,1.31,N
23.69627,85.29184,306.09,0.4,0.44,2026-09-27,2034,N,VIIRS,n,2.0NRT,293.48,1.1,N
23.69634,85.35646,307.69,0.4,0.44,2026-09-27,2034,N,VIIRS,n,2.0NRT,293.09,0.52,N
23.69703,85.28796,310.27,0.4,0.44,2026-09-27,2034,N,VIIRS,n,2.0NRT,293.74,1.1,N
23.69811,85.36905,303.99,0.4,0.44,2026-09-27,2034,N,VIIRS,n,2.0NRT,293.12,1.31,N
23.7076,86.449,304.83,0.46,0.47,2026-09-27,2034,N,VIIRS,n,2.0NRT,292.24,1.93,N
23.71191,86.45,318.89,0.46,0.47,2026-09-27,2034,N,VIIRS,n,2.0NRT,293.21,1.93,N
23.71801,86.44207,304.92,0.46,0.47,2026-09-27,2034,N,VIIRS,n,2.0NRT,292.29,2.01,N
23.73387,86.43375,306.62,0.46,0.47,2026-09-27,2034,N,VIIRS,n,2.0NRT,292.58,2.11,N
23.73817,86.43477,328.4,0.46,0.47,2026-09-27,2034,N,VIIRS,n,2.0NRT,294.03,4.41,N
23.73844,85.0099,305.58,0.57,0.43,2026-09-27,2034,N,VIIRS,n,2.0NRT,293.27,2.19,N
23.75611,85.85528,308.4,0.42,0.46,2026-09-27,2034,N,VIIRS,n,2.0NRT,293.8,1.46,N
23.75694,85.85117,308.91,0.42,0.46,2026-09-27,2034,N,VIIRS,n,2.0NRT,293.34,1.46,N
23.75838,86.40212,327.35,0.46,0.47,2026-09-27,2034,N,VIIRS,n,2.0NRT,293,4.66,N
23.76268,86.40311,328.65,0.46,0.47,2026-09-27,2034,N,VIIRS,n,2.0NRT,292.88,1.75,N
23.76358,86.39871,304.72,0.46,0.47,2026-09-27,2034,N,VIIRS,n,2.0NRT,292.26,1.75,N
23.76448,86.39429,308.72,0.46,0.47,2026-09-27,2034,N,VIIRS,n,2.0NRT,293.5,3.06,N
23.76697,86.40414,314.62,0.46,0.47,2026-09-27,2034,N,VIIRS,n,2.0NRT,292.77,1.75,N
23.76787,86.39973,306.3,0.46,0.47,2026-09-27,2034,N,VIIRS,n,2.0NRT,292.77,1.75,N
23.77144,86.19608,315.99,0.44,0.46,2026-09-27,2034,N,VIIRS,n,2.0NRT,292.07,2.46,N
23.7733,86.19867,305.66,0.44,0.46,2026-09-27,2034,N,VIIRS,n,2.0NRT,292.31,1.75,N
23.77418,86.19434,311.18,0.44,0.46,2026-09-27,2034,N,VIIRS,n,2.0NRT,292.6,2.27,N
23.77511,86.36425,314.96,0.45,0.47,2026-09-27,2034,N,VIIRS,n,2.0NRT,292.82,2.27,N
23.77577,86.20827,305.06,0.44,0.46,2026-09-27,2034,N,VIIRS,n,2.0NRT,292.4,3.12,N
23.77736,86.21101,319.68,0.45,0.47,2026-09-27,2034,N,VIIRS,n,2.0NRT,292.4,2.55,N
23.77821,86.20667,305.58,0.45,0.47,2026-09-27,2034,N,VIIRS,n,2.0NRT,292.94,2.64,N
23.7787,86.34664,307.37,0.45,0.47,2026-09-27,2034,N,VIIRS,n,2.0NRT,292.26,1.13,N
23.77918,86.38832,312.35,0.46,0.47,2026-09-27,2034,N,VIIRS,n,2.0NRT,292.56,2.29,N
23.78001,86.20921,337.16,0.44,0.46,2026-09-27,2034,N,VIIRS,n,2.0NRT,294.2,3.12,N
23.78002,85.57287,306.46,0.41,0.45,2026-09-27,2034,N,VIIRS,n,2.0NRT,293.63,1.86,N
23.78187,86.37508,308.74,0.46,0.47,2026-09-27,2034,N,VIIRS,n,2.0NRT,292.19,1.36,N
23.78387,86.34325,304.54,0.45,0.47,2026-09-27,2034,N,VIIRS,n,2.0NRT,291.7,1.87,N
23.78799,85.55377,311.24,0.41,0.45,2026-09-27,2034,N,VIIRS,n,2.0NRT,293.21,1.09,N
23.7958,86.35067,313.32,0.45,0.47,2026-09-27,2034,N,VIIRS,n,2.0NRT,292.32,3.39,N
23.82322,85.49857,305.77,0.4,0.45,2026-09-27,2034,N,VIIRS,n,2.0NRT,293.78,1.89,N
23.83758,85.469,305.23,0.4,0.44,2026-09-27,2034,N,VIIRS,n,2.0NRT,293.89,0.87,N
23.92565,85.34192,302.92,0.39,0.44,2026-09-27,2034,N,VIIRS,n,2.0NRT,291.74,0.82,N
21.75244,83.97508,336.9,0.38,0.36,2026-09-28,746,N,VIIRS,n,2.0NRT,305.61,3.61,D
21.76588,84.01825,331.91,0.38,0.36,2026-09-28,746,N,VIIRS,l,2.0NRT,306.58,4.27,D
21.985,83.2336,335.4,0.39,0.36,2026-09-28,746,N,VIIRS,n,2.0NRT,304.37,4.2,D
22.03975,83.72932,340.03,0.38,0.36,2026-09-28,746,N,VIIRS,n,2.0NRT,305.51,7.11,D
22.04305,83.72873,332.89,0.38,0.36,2026-09-28,746,N,VIIRS,n,2.0NRT,302.74,4.85,D
22.2085,84.86273,336.81,0.39,0.36,2026-09-28,746,N,VIIRS,n,2.0NRT,304.82,2.62,D
22.21182,84.86216,331.36,0.39,0.36,2026-09-28,746,N,VIIRS,l,2.0NRT,304.05,2.62,D
22.33164,82.60514,329.12,0.4,0.37,2026-09-28,746,N,VIIRS,n,2.0NRT,301.48,2.08,D
22.35844,82.30193,345.28,0.4,0.37,2026-09-28,746,N,VIIRS,n,2.0NRT,304.38,8.64,D
22.79591,86.20544,332.27,0.42,0.38,2026-09-28,746,N,VIIRS,n,2.0NRT,302.17,3.13,D
22.79648,86.20955,334.13,0.42,0.38,2026-09-28,746,N,VIIRS,n,2.0NRT,301.62,3.13,D
22.7988,86.20081,337.11,0.42,0.38,2026-09-28,746,N,VIIRS,n,2.0NRT,302.77,3.68,D
23.16769,82.34258,331.29,0.4,0.37,2026-09-28,748,N,VIIRS,n,2.0NRT,301.25,3.88,D
23.40053,77.45398,340.88,0.44,0.46,2026-09-28,748,N,VIIRS,n,2.0NRT,300.39,7.27,D
23.64887,85.43633,332.34,0.4,0.37,2026-09-28,748,N,VIIRS,n,2.0NRT,300.8,3.89,D
23.67127,86.9371,337.18,0.46,0.39,2026-09-28,748,N,VIIRS,n,2.0NRT,299.52,4.79,D
23.77256,86.19843,330.82,0.43,0.38,2026-09-28,748,N,VIIRS,l,2.0NRT,302.8,3.41,D
23.77777,86.21042,337.95,0.43,0.38,2026-09-28,748,N,VIIRS,n,2.0NRT,306.11,5.47,D
23.78125,86.20984,345.67,0.43,0.38,2026-09-28,748,N,VIIRS,n,2.0NRT,305.92,5.47,D
23.93846,70.18708,334.69,0.5,0.66,2026-09-28,928,N,VIIRS,n,2.0NRT,295.63,4.1,D
23.61927,86.88972,300.4,0.42,0.38,2026-09-28,2014,N,VIIRS,n,2.0NRT,287.02,0.22,N
23.63271,86.8328,305.37,0.42,0.38,2026-09-28,2014,N,VIIRS,n,2.0NRT,292.27,0.5,N
23.66542,86.91959,317.68,0.42,0.38,2026-09-28,2014,N,VIIRS,n,2.0NRT,294.59,2.09,N
23.66614,86.91547,309.69,0.42,0.38,2026-09-28,2014,N,VIIRS,n,2.0NRT,293.62,2.07,N
23.66887,86.9203,312.57,0.42,0.38,2026-09-28,2014,N,VIIRS,n,2.0NRT,293.93,1.94,N
23.6696,86.91618,330.02,0.42,0.38,2026-09-28,2014,N,VIIRS,n,2.0NRT,294.21,3.41,N
23.67503,86.40231,313.09,0.41,0.37,2026-09-28,2014,N,VIIRS,n,2.0NRT,295.9,2.74,N
23.67571,86.39832,318.41,0.41,0.37,2026-09-28,2014,N,VIIRS,n,2.0NRT,296.31,2.46,N
23.6764,86.39433,315.36,0.41,0.37,2026-09-28,2014,N,VIIRS,n,2.0NRT,294.87,2.46,N
23.67911,86.39899,319.7,0.41,0.37,2026-09-28,2014,N,VIIRS,n,2.0NRT,296.95,1.93,N
23.67979,86.395,314.28,0.41,0.37,2026-09-28,2014,N,VIIRS,n,2.0NRT,295.62,1.93,N
23.68319,86.39568,323.49,0.41,0.37,2026-09-28,2014,N,VIIRS,n,2.0NRT,296.72,1.93,N
23.68387,86.39172,317.46,0.41,0.37,2026-09-28,2014,N,VIIRS,n,2.0NRT,295.57,3.57,N
23.68727,86.39239,314.74,0.41,0.37,2026-09-28,2014,N,VIIRS,n,2.0NRT,295.08,2.32,N
23.70901,86.45035,306.04,0.41,0.37,2026-09-28,2014,N,VIIRS,n,2.0NRT,292.94,0.89,N
23.71241,86.45102,323.24,0.41,0.37,2026-09-28,2014,N,VIIRS,n,2.0NRT,294.72,2.4,N
23.71309,86.44704,306.87,0.41,0.37,2026-09-28,2014,N,VIIRS,n,2.0NRT,293.13,1.02,N
23.71376,86.42243,311.67,0.41,0.37,2026-09-28,2014,N,VIIRS,n,2.0NRT,292.91,1.42,N
23.71648,86.42711,308.53,0.41,0.37,2026-09-28,2014,N,VIIRS,n,2.0NRT,293.09,1.33,N
23.71717,86.44373,308.56,0.41,0.37,2026-09-28,2014,N,VIIRS,n,2.0NRT,293.5,1.02,N
23.71784,86.43974,306.5,0.41,0.37,2026-09-28,2014,N,VIIRS,n,2.0NRT,292.57,1.12,N
23.72463,86.42049,305.99,0.41,0.37,2026-09-28,2014,N,VIIRS,n,2.0NRT,291.47,1.56,N
23.72465,86.44111,309.62,0.41,0.37,2026-09-28,2014,N,VIIRS,n,2.0NRT,294.51,2.25,N
23.73586,86.43446,326.22,0.41,0.37,2026-09-28,2014,N,VIIRS,n,2.0NRT,295.52,2.53,N
23.73655,86.43048,315.22,0.41,0.37,2026-09-28,2014,N,VIIRS,n,2.0NRT,294.49,2.53,N
23.73926,86.43515,322.43,0.41,0.37,2026-09-28,2014,N,VIIRS,n,2.0NRT,295.09,2.64,N
23.74949,86.41659,309.01,0.41,0.37,2026-09-28,2014,N,VIIRS,n,2.0NRT,293,1.34,N
23.75289,86.41726,311.1,0.41,0.37,2026-09-28,2014,N,VIIRS,n,2.0NRT,293.88,1.34,N
23.75403,85.85456,315.21,0.4,0.37,2026-09-28,2014,N,VIIRS,n,2.0NRT,294.79,1.97,N
23.75738,85.85522,311.98,0.4,0.37,2026-09-28,2014,N,VIIRS,n,2.0NRT,294.79,1.21,N
23.75803,85.85135,307.42,0.4,0.37,2026-09-28,2014,N,VIIRS,n,2.0NRT,293.66,1.21,N
23.75834,86.40601,310.69,0.41,0.37,2026-09-28,2014,N,VIIRS,n,2.0NRT,292.48,2.45,N
23.75902,86.40204,326.86,0.41,0.37,2026-09-28,2014,N,VIIRS,n,2.0NRT,292.61,2.45,N
23.76242,86.40271,333.83,0.41,0.37,2026-09-28,2014,N,VIIRS,n,2.0NRT,294.07,2.45,N
23.7631,86.39875,308.67,0.41,0.37,2026-09-28,2014,N,VIIRS,n,2.0NRT,293.22,1.63,N
23.76378,86.39478,309.63,0.41,0.37,2026-09-28,2014,N,VIIRS,n,2.0NRT,292.95,1.63,N
23.76581,86.4034,330.15,0.41,0.37,2026-09-28,2014,N,VIIRS,n,2.0NRT,294.93,2.41,N
23.76921,86.40408,312.62,0.41,0.37,2026-09-28,2014,N,VIIRS,n,2.0NRT,293.56,2.41,N
23.76989,86.40011,305.86,0.41,0.37,2026-09-28,2014,N,VIIRS,n,2.0NRT,293.28,2.63,N
23.77263,86.36367,320.16,0.41,0.37,2026-09-28,2014,N,VIIRS,n,2.0NRT,292.93,2.04,N
23.77264,86.20028,307.49,0.4,0.37,2026-09-28,2014,N,VIIRS,n,2.0NRT,294.45,1.98,N
23.77294,86.19678,325.4,0.4,0.37,2026-09-28,2014,N,VIIRS,n,2.0NRT,295.03,3.14,N
23.77332,86.19633,323.75,0.4,0.37,2026-09-28,2014,N,VIIRS,n,2.0NRT,294.77,2.68,N
23.77467,86.2088,306.27,0.4,0.37,2026-09-28,2014,N,VIIRS,n,2.0NRT,294.54,1.58,N
23.77601,86.38486,306.32,0.41,0.37,2026-09-28,2014,N,VIIRS,n,2.0NRT,293.38,1.41,N
23.77602,86.36436,318.06,0.41,0.37,2026-09-28,2014,N,VIIRS,n,2.0NRT,294.96,2.04,N
23.77805,86.20947,327.37,0.4,0.37,2026-09-28,2014,N,VIIRS,n,2.0NRT,296.79,3.32,N
23.77872,86.20553,311.28,0.4,0.37,2026-09-28,2014,N,VIIRS,n,2.0NRT,295.32,2.21,N
23.77873,86.38952,327.59,0.41,0.37,2026-09-28,2014,N,VIIRS,n,2.0NRT,295.56,3.77,N
23.77874,86.34852,309.87,0.41,0.37,2026-09-28,2014,N,VIIRS,n,2.0NRT,293.36,1.35,N
23.78143,86.21013,335.85,0.4,0.37,2026-09-28,2014,N,VIIRS,n,2.0NRT,296.9,3.32,N
23.78144,86.39417,307.57,0.41,0.37,2026-09-28,2014,N,VIIRS,n,2.0NRT,294.33,0.84,N
23.78145,86.37364,313.84,0.41,0.37,2026-09-28,2014,N,VIIRS,n,2.0NRT,294.86,2.3,N
23.78212,86.39019,309.53,0.41,0.37,2026-09-28,2014,N,VIIRS,n,2.0NRT,294.17,0.84,N
23.78348,86.34126,309.6,0.41,0.37,2026-09-28,2014,N,VIIRS,n,2.0NRT,294.59,2.04,N
23.79495,86.23321,310.09,0.4,0.37,2026-09-28,2014,N,VIIRS,n,2.0NRT,294.12,0.87,N
23.79568,86.35191,324.98,0.41,0.37,2026-09-28,2014,N,VIIRS,n,2.0NRT,295.43,3,N
23.79634,86.28653,307.36,0.4,0.37,2026-09-28,2014,N,VIIRS,n,2.0NRT,294.31,0.59,N
23.80246,86.33274,315.25,0.41,0.37,2026-09-28,2014,N,VIIRS,n,2.0NRT,295,2.6,N
23.80313,86.32877,334.15,0.41,0.37,2026-09-28,2014,N,VIIRS,n,2.0NRT,297.45,2.6,N
23.80381,86.32483,307.17,0.41,0.37,2026-09-28,2014,N,VIIRS,n,2.0NRT,295.26,1.81,N
23.80527,86.64237,304.27,0.41,0.37,2026-09-28,2014,N,VIIRS,n,2.0NRT,291.26,0.65,N
23.80566,86.64387,305.17,0.41,0.37,2026-09-28,2014,N,VIIRS,n,2.0NRT,291.31,0.57,N
23.80652,86.32945,316.51,0.41,0.37,2026-09-28,2014,N,VIIRS,n,2.0NRT,296.22,1.62,N
23.81117,85.53251,307.58,0.39,0.36,2026-09-28,2014,N,VIIRS,n,2.0NRT,293.23,0.7,N
23.8235,85.4995,305.7,0.39,0.36,2026-09-28,2014,N,VIIRS,n,2.0NRT,295.08,1.26,N
23.82413,85.49568,306.08,0.39,0.36,2026-09-28,2014,N,VIIRS,n,2.0NRT,295.49,1.19,N
23.83851,85.47095,309.07,0.39,0.36,2026-09-28,2014,N,VIIRS,n,2.0NRT,295.24,1.19,N
23.9269,85.34258,307.93,0.39,0.36,2026-09-28,2014,N,VIIRS,n,2.0NRT,293.16,0.77,N
21.60475,81.82591,306.58,0.41,0.37,2026-09-28,2017,N,VIIRS,n,2.0NRT,296.57,0.59,N
21.67246,84.04279,306.41,0.38,0.36,2026-09-28,2017,N,VIIRS,n,2.0NRT,293.82,0.81,N
21.67635,84.0397,307.14,0.38,0.36,2026-09-28,2017,N,VIIRS,n,2.0NRT,293.34,1.03,N
21.67694,84.036,305.14,0.38,0.36,2026-09-28,2017,N,VIIRS,n,2.0NRT,293,1.03,N
21.67966,84.04029,318.02,0.38,0.36,2026-09-28,2017,N,VIIRS,n,2.0NRT,295.25,2.79,N
21.71333,84.04262,305.64,0.38,0.36,2026-09-28,2017,N,VIIRS,n,2.0NRT,292.98,0.51,N
21.73232,82.21436,308.07,0.41,0.37,2026-09-28,2017,N,VIIRS,n,2.0NRT,296.08,0.93,N
21.7383,83.84177,311.12,0.38,0.36,2026-09-28,2017,N,VIIRS,n,2.0NRT,295.73,1.15,N
21.74161,83.84237,312.19,0.38,0.36,2026-09-28,2017,N,VIIRS,n,2.0NRT,296.08,1.15,N
21.74492,83.84296,309.73,0.38,0.36,2026-09-28,2017,N,VIIRS,n,2.0NRT,295.77,2.04,N
21.74824,83.84354,335.3,0.38,0.36,2026-09-28,2017,N,VIIRS,n,2.0NRT,297.29,2.04,N
21.75084,83.97321,328.65,0.38,0.36,2026-09-28,2017,N,VIIRS,n,2.0NRT,295.61,3.31,N
21.75315,84.02308,319.08,0.38,0.36,2026-09-28,2017,N,VIIRS,n,2.0NRT,294.49,1.99,N
21.75485,83.84476,331.46,0.38,0.36,2026-09-28,2017,N,VIIRS,n,2.0NRT,297.27,2.84,N
21.75646,84.02368,311.25,0.38,0.36,2026-09-28,2017,N,VIIRS,n,2.0NRT,295.45,2.4,N
21.75893,83.81886,307.04,0.38,0.36,2026-09-28,2017,N,VIIRS,n,2.0NRT,295.03,1,N
21.76031,83.85332,309.03,0.38,0.36,2026-09-28,2017,N,VIIRS,n,2.0NRT,294.5,0.94,N
21.76089,83.84963,313.61,0.38,0.36,2026-09-28,2017,N,VIIRS,n,2.0NRT,295.27,1.97,N
21.76147,83.84595,316.09,0.38,0.36,2026-09-28,2017,N,VIIRS,n,2.0NRT,295.09,1.97,N
21.76366,84.02119,311.89,0.38,0.36,2026-09-28,2017,N,VIIRS,n,2.0NRT,295.65,2.38,N
21.7642,83.85022,320.63,0.38,0.36,2026-09-28,2017,N,VIIRS,n,2.0NRT,296.7,2.4,N
21.76425,84.01749,308.99,0.38,0.36,2026-09-28,2017,N,VIIRS,n,2.0NRT,295.02,1.73,N
21.76756,84.0181,324.19,0.38,0.36,2026-09-28,2017,N,VIIRS,n,2.0NRT,296.99,1.73,N
21.79582,83.88242,311.65,0.38,0.36,2026-09-28,2017,N,VIIRS,n,2.0NRT,295.31,1.37,N
21.79913,83.88302,307.69,0.38,0.36,2026-09-28,2017,N,VIIRS,n,2.0NRT,295.62,1.45,N
21.79986,82.04023,307.16,0.41,0.37,2026-09-28,2017,N,VIIRS,n,2.0NRT,296.18,0.66,N
21.80022,85.56812,308.76,0.4,0.37,2026-09-28,2017,N,VIIRS,n,2.0NRT,290.93,0.84,N
21.82187,83.99752,312.4,0.38,0.36,2026-09-28,2017,N,VIIRS,n,2.0NRT,294.8,1.68,N
21.82716,83.89951,308.3,0.38,0.36,2026-09-28,2017,N,VIIRS,n,2.0NRT,295.49,1.06,N
21.84134,83.98203,308.84,0.38,0.36,2026-09-28,2017,N,VIIRS,n,2.0NRT,295.73,1.05,N
21.86059,83.96589,311.75,0.38,0.36,2026-09-28,2017,N,VIIRS,n,2.0NRT,295.83,0.91,N
21.8766,83.49665,315.74,0.39,0.36,2026-09-28,2017,N,VIIRS,n,2.0NRT,296.62,1.67,N
21.87788,83.55421,315.61,0.39,0.36,2026-09-28,2017,N,VIIRS,n,2.0NRT,295.76,1.64,N
21.87904,83.54678,310.09,0.39,0.36,2026-09-28,2017,N,VIIRS,n,2.0NRT,295.37,0.91,N
21.91961,83.3511,329.36,0.39,0.36,2026-09-28,2017,N,VIIRS,n,2.0NRT,298.76,1.76,N
21.92018,83.34737,306.07,0.39,0.36,2026-09-28,2017,N,VIIRS,n,2.0NRT,295.53,1.76,N
21.92293,83.35168,326.12,0.39,0.36,2026-09-28,2017,N,VIIRS,n,2.0NRT,297.77,3.57,N
21.92466,83.34048,314.26,0.39,0.36,2026-09-28,2017,N,VIIRS,n,2.0NRT,296.41,2.74,N
21.92476,85.2243,314.63,0.39,0.36,2026-09-28,2017,N,VIIRS,n,2.0NRT,292.73,1.24,N
21.92873,85.22114,305.11,0.39,0.36,2026-09-28,2017,N,VIIRS,n,2.0NRT,291.77,1.19,N
21.96605,83.77164,305.65,0.38,0.36,2026-09-28,2017,N,VIIRS,n,2.0NRT,295.12,0.72,N
21.96984,85.31438,308.05,0.39,0.37,2026-09-28,2017,N,VIIRS,n,2.0NRT,292.29,1.25,N
21.98051,83.23817,308.91,0.39,0.36,2026-09-28,2017,N,VIIRS,n,2.0NRT,296.35,1.58,N
21.98499,83.23125,320.8,0.39,0.36,2026-09-28,2017,N,VIIRS,n,2.0NRT,297.26,2.35,N
21.99199,85.32645,305.67,0.4,0.37,2026-09-28,2017,N,VIIRS,n,2.0NRT,292.15,0.76,N
22.00309,82.66725,306.12,0.4,0.37,2026-09-28,2017,N,VIIRS,n,2.0NRT,295.1,0.75,N
22.0057,84.03344,305.76,0.38,0.36,2026-09-28,2017,N,VIIRS,n,2.0NRT,293.99,0.68,N
22.00588,82.67168,315.24,0.4,0.37,2026-09-28,2017,N,VIIRS,n,2.0NRT,295.76,1.22,N
22.00779,83.32768,306.54,0.39,0.36,2026-09-28,2017,N,VIIRS,n,2.0NRT,294.99,0.64,N
22.01578,83.75319,320.74,0.38,0.36,2026-09-28,2017,N,VIIRS,n,2.0NRT,296.84,2.46,N
22.01936,83.34125,307.7,0.39,0.36,2026-09-28,2017,N,VIIRS,n,2.0NRT,294.97,0.5,N
22.02919,83.36604,306.55,0.39,0.36,2026-09-28,2017,N,VIIRS,n,2.0NRT,295.17,1.48,N
22.03309,83.36289,305.72,0.39,0.36,2026-09-28,2017,N,VIIRS,n,2.0NRT,295.28,1.41,N
22.03424,83.35542,309.05,0.39,0.36,2026-09-28,2017,N,VIIRS,n,2.0NRT,295.85,1.03,N
22.03814,83.35226,321.21,0.39,0.36,2026-09-28,2017,N,VIIRS,n,2.0NRT,297.48,1.92,N
22.03913,83.73449,311.7,0.38,0.36,2026-09-28,2017,N,VIIRS,n,2.0NRT,296.06,2.38,N
22.03971,83.73078,335.89,0.38,0.36,2026-09-28,2017,N,VIIRS,n,2.0NRT,297.75,2.72,N
22.04029,83.72707,308.87,0.38,0.36,2026-09-28,2017,N,VIIRS,n,2.0NRT,294.89,2.72,N
22.0535,85.46431,311.73,0.4,0.37,2026-09-28,2017,N,VIIRS,n,2.0NRT,292.31,1.12,N
22.06422,83.70464,311.96,0.38,0.36,2026-09-28,2017,N,VIIRS,n,2.0NRT,293.9,0.84,N
22.06753,83.70525,306.4,0.38,0.36,2026-09-28,2017,N,VIIRS,n,2.0NRT,294.8,0.84,N
22.09679,85.3505,303.51,0.4,0.37,2026-09-28,2017,N,VIIRS,n,2.0NRT,291.71,0.54,N
22.13314,85.38105,304.86,0.4,0.37,2026-09-28,2017,N,VIIRS,n,2.0NRT,291.51,0.82,N
22.16156,85.41801,304.83,0.4,0.37,2026-09-28,2017,N,VIIRS,n,2.0NRT,290.5,0.43,N
22.20705,84.86976,306.67,0.39,0.36,2026-09-28,2017,N,VIIRS,n,2.0NRT,293.5,0.96,N
22.20764,84.5507,310.78,0.39,0.36,2026-09-28,2017,N,VIIRS,n,2.0NRT,294.04,1.14,N
22.20827,84.86227,317.47,0.39,0.36,2026-09-28,2017,N,VIIRS,n,2.0NRT,294.32,2.01,N
22.20915,84.87788,309.21,0.39,0.36,2026-09-28,2017,N,VIIRS,n,2.0NRT,293.27,1.1,N
22.21099,84.86665,306.02,0.39,0.36,2026-09-28,2017,N,VIIRS,n,2.0NRT,293.17,2.01,N
22.21308,84.87476,308.18,0.39,0.36,2026-09-28,2017,N,VIIRS,n,2.0NRT,294.64,1.1,N
22.21869,84.75632,311.75,0.39,0.36,2026-09-28,2017,N,VIIRS,n,2.0NRT,294.21,1.8,N
22.22261,84.75321,307.17,0.39,0.36,2026-09-28,2017,N,VIIRS,n,2.0NRT,293.84,1.58,N
22.26373,75.13213,314.63,0.33,0.55,2026-09-28,2017,N,VIIRS,n,2.0NRT,295.32,1.35,N
22.26598,75.13197,313.19,0.33,0.55,2026-09-28,2017,N,VIIRS,n,2.0NRT,296.03,1.47,N
22.31589,82.56006,307.96,0.4,0.37,2026-09-28,2017,N,VIIRS,n,2.0NRT,295.94,1.43,N
22.31595,82.53616,305.72,0.4,0.37,2026-09-28,2017,N,VIIRS,n,2.0NRT,294.65,1.51,N
22.3187,82.56453,311.46,0.4,0.37,2026-09-28,2017,N,VIIRS,n,2.0NRT,296.82,1.18,N
22.31927,82.56065,315.5,0.4,0.37,2026-09-28,2017,N,VIIRS,n,2.0NRT,295.76,1.97,N
22.32201,82.58895,332.75,0.4,0.37,2026-09-28,2017,N,VIIRS,n,2.0NRT,295.57,4.97,N
22.32208,82.5651,312.34,0.4,0.37,2026-09-28,2017,N,VIIRS,n,2.0NRT,296.71,1.18,N
22.32984,82.60618,319.87,0.4,0.37,2026-09-28,2017,N,VIIRS,n,2.0NRT,295.36,2.04,N
22.35722,82.30238,329.87,0.41,0.37,2026-09-28,2017,N,VIIRS,n,2.0NRT,297.39,3.05,N
22.36062,82.30297,326,0.41,0.37,2026-09-28,2017,N,VIIRS,n,2.0NRT,297.57,3.05,N
22.57229,85.89647,315.19,0.4,0.37,2026-09-28,2017,N,VIIRS,n,2.0NRT,292.16,1.24,N
22.57294,85.89257,308.78,0.4,0.37,2026-09-28,2017,N,VIIRS,n,2.0NRT,291.81,1.24,N
22.58851,85.90372,305.9,0.4,0.37,2026-09-28,2017,N,VIIRS,n,2.0NRT,291.52,1.47,N
22.78916,86.20958,308.96,0.41,0.37,2026-09-28,2017,N,VIIRS,n,2.0NRT,292.1,1.98,N
22.7905,86.20164,311.38,0.41,0.37,2026-09-28,2017,N,VIIRS,n,2.0NRT,291.89,2.59,N
22.79117,86.19769,306.55,0.41,0.37,2026-09-28,2017,N,VIIRS,n,2.0NRT,292.2,1.14,N
22.79246,86.20996,307.34,0.41,0.37,2026-09-28,2017,N,VIIRS,n,2.0NRT,292.2,1.21,N
22.79457,86.19836,311.49,0.41,0.37,2026-09-28,2017,N,VIIRS,n,2.0NRT,290.86,1.14,N
22.79723,86.20271,305.99,0.41,0.37,2026-09-28,2017,N,VIIRS,n,2.0NRT,291.24,2.07,N
22.80988,86.08699,307.89,0.41,0.37,2026-09-28,2017,N,VIIRS,n,2.0NRT,293.59,1.4,N
22.85754,86.05555,309.26,0.41,0.37,2026-09-28,2017,N,VIIRS,n,2.0NRT,293.89,0.87,N
22.8738,86.06283,318.45,0.41,0.37,2026-09-28,2017,N,VIIRS,n,2.0NRT,294.57,1.84,N
23.00855,70.10307,305.18,0.69,0.74,2026-09-28,2017,N,VIIRS,n,2.0NRT,293.04,0.91,N
23.00977,70.10394,303.39,0.69,0.74,2026-09-28,2017,N,VIIRS,n,2.0NRT,292.72,2.02,N
23.16379,82.33981,318.08,0.41,0.37,2026-09-28,2017,N,VIIRS,n,2.0NRT,294.11,1.43,N
23.16438,82.33582,314.32,0.41,0.37,2026-09-28,2017,N,VIIRS,n,2.0NRT,293.94,1.32,N
23.16662,82.34441,313.59,0.41,0.37,2026-09-28,2017,N,VIIRS,n,2.0NRT,293.94,1.43,N
23.16721,82.34041,314.37,0.41,0.37,2026-09-28,2017,N,VIIRS,n,2.0NRT,294.61,1.43,N
23.41068,72.3528,305.57,0.5,0.66,2026-09-28,2017,N,VIIRS,n,2.0NRT,293.13,0.68,N
23.54881,86.54353,306.81,0.41,0.37,2026-09-28,2017,N,VIIRS,n,2.0NRT,294.34,2.24,N
23.58032,86.72468,306.63,0.42,0.38,2026-09-28,2017,N,VIIRS,n,2.0NRT,293.84,1.62,N
23.64708,85.43956,328.29,0.39,0.36,2026-09-28,2017,N,VIIRS,n,2.0NRT,295.12,1.71,N
23.6477,85.43575,312.87,0.39,0.36,2026-09-28,2017,N,VIIRS,n,2.0NRT,294.23,1.71,N
23.65103,85.43639,307.54,0.39,0.36,2026-09-28,2017,N,VIIRS,n,2.0NRT,293.69,1.09,N
23.65209,85.3464,307.28,0.39,0.36,2026-09-28,2017,N,VIIRS,n,2.0NRT,295.16,1.03,N
23.65639,85.5082,311.25,0.39,0.36,2026-09-28,2017,N,VIIRS,n,2.0NRT,295.05,1.12,N
23.6628,85.55281,305.53,0.39,0.36,2026-09-28,2017,N,VIIRS,n,2.0NRT,293.79,0.63,N
23.66448,84.99809,311.68,0.39,0.36,2026-09-28,2017,N,VIIRS,n,2.0NRT,293.48,0.87,N
23.66776,86.09156,311.93,0.4,0.37,2026-09-28,2017,N,VIIRS,n,2.0NRT,294.73,1.34,N
23.67516,86.089,323.09,0.4,0.37,2026-09-28,2017,N,VIIRS,n,2.0NRT,294,2.56,N
23.67582,86.08508,329.12,0.4,0.37,2026-09-28,2017,N,VIIRS,n,2.0NRT,295.41,2.56,N
23.67638,85.32368,310.25,0.39,0.36,2026-09-28,2017,N,VIIRS,n,2.0NRT,294.25,1.22,N
23.67918,86.08576,312.92,0.4,0.37,2026-09-28,2017,N,VIIRS,n,2.0NRT,295.59,1.9,N
23.67993,86.1021,317.47,0.4,0.37,2026-09-28,2017,N,VIIRS,n,2.0NRT,296.54,1.69,N
23.68103,86.10129,310.52,0.4,0.37,2026-09-28,2017,N,VIIRS,n,2.0NRT,295.63,1.38,N
23.68124,86.09426,332.83,0.4,0.37,2026-09-28,2017,N,VIIRS,n,2.0NRT,296.01,9.53,N
23.68236,86.09348,335.7,0.4,0.37,2026-09-28,2017,N,VIIRS,n,2.0NRT,295.81,7.98,N
23.68321,86.08253,308.32,0.4,0.37,2026-09-28,2017,N,VIIRS,n,2.0NRT,294.73,1.11,N
23.68408,85.36042,306.27,0.39,0.36,2026-09-28,2017,N,VIIRS,n,2.0NRT,294.54,0.47,N
23.69467,85.35855,309.54,0.39,0.36,2026-09-28,2017,N,VIIRS,n,2.0NRT,293.84,0.47,N
23.69496,85.36938,314.89,0.39,0.36,2026-09-28,2017,N,VIIRS,n,2.0NRT,294.96,1.01,N
23.69523,85.29214,307.01,0.39,0.36,2026-09-28,2017,N,VIIRS,n,2.0NRT,294.04,1.69,N
23.69585,85.28835,328.44,0.39,0.36,2026-09-28,2017,N,VIIRS,n,2.0NRT,295.42,1.69,N
23.69683,85.358,307.38,0.39,0.36,2026-09-28,2017,N,VIIRS,n,2.0NRT,293.69,0.53,N
23.69891,85.36623,305.65,0.39,0.36,2026-09-28,2017,N,VIIRS,n,2.0NRT,293.34,1.01,N
23.72076,85.00882,314.07,0.39,0.36,2026-09-28,2017,N,VIIRS,n,2.0NRT,293.57,1.26,N
23.73792,85.00822,304.51,0.39,0.36,2026-09-28,2017,N,VIIRS,n,2.0NRT,293.97,1.25,N
23.74062,85.01261,306.86,0.39,0.36,2026-09-28,2017,N,VIIRS,n,2.0NRT,295.4,0.88,N
23.74123,85.00884,310.36,0.39,0.36,2026-09-28,2017,N,VIIRS,n,2.0NRT,295.34,0.88,N
23.74472,85.50465,304.82,0.39,0.36,2026-09-28,2017,N,VIIRS,n,2.0NRT,293.83,0.41,N
23.78024,85.57384,309.37,0.39,0.36,2026-09-28,2017,N,VIIRS,n,2.0NRT,296.33,1.56,N
23.78739,85.55155,309.31,0.39,0.36,2026-09-28,2017,N,VIIRS,n,2.0NRT,294.55,1.32,N
23.80325,85.53885,305.7,0.39,0.36,2026-09-28,2017,N,VIIRS,n,2.0NRT,294.18,0.74,N
23.82669,84.93889,308.19,0.39,0.36,2026-09-28,2017,N,VIIRS,n,2.0NRT,293.9,0.88,N
23.83871,84.94894,307.86,0.39,0.36,2026-09-28,2017,N,VIIRS,n,2.0NRT,293.32,0.93,N
21.79441,72.64812,313.29,0.66,0.73,2026-09-28,2155,N,VIIRS,n,2.0NRT,292.44,1.38,N
21.79608,72.64749,312.83,0.66,0.73,2026-09-28,2155,N,VIIRS,n,2.0NRT,292.54,1.53,N
22.33572,69.86744,305.81,0.43,0.62,2026-09-28,2155,N,VIIRS,n,2.0NRT,295.38,3.35,N
22.33862,69.85482,308.06,0.43,0.62,2026-09-28,2155,N,VIIRS,n,2.0NRT,295.83,3.2,N
22.41472,69.04005,310.51,0.38,0.59,2026-09-28,2155,N,VIIRS,n,2.0NRT,294.12,0.96,N
22.93181,69.69779,308.05,0.41,0.61,2026-09-28,2155,N,VIIRS,n,2.0NRT,293.38,1.05,N
23.01482,70.10343,304.19,0.43,0.62,2026-09-28,2155,N,VIIRS,n,2.0NRT,293.67,0.51,N
21.92265,83.34913,329.24,0.4,0.44,2026-09-29,729,N,VIIRS,l,2.0NRT,299.29,6.95,D
21.98473,83.23291,329.34,0.4,0.44,2026-09-29,729,N,VIIRS,l,2.0NRT,299.77,5.51,D
22.0171,83.33786,331.34,0.4,0.44,2026-09-29,729,N,VIIRS,n,2.0NRT,298.82,3.55,D
22.32343,82.5892,341.13,0.43,0.46,2026-09-29,729,N,VIIRS,n,2.0NRT,299.7,4.76,D
22.35922,82.30325,332.27,0.45,0.47,2026-09-29,729,N,VIIRS,n,2.0NRT,302.08,5.29,D
22.78837,86.19756,337.58,0.42,0.38,2026-09-29,729,N,VIIRS,n,2.0NRT,301.77,4.98,D
23.1147,75.71581,330.8,0.55,0.68,2026-09-29,729,N,VIIRS,n,2.0NRT,302.51,2.06,D
23.64721,85.43923,335.08,0.44,0.39,2026-09-29,729,N,VIIRS,n,2.0NRT,297.09,4.66,D
23.68939,86.08852,339.58,0.42,0.38,2026-09-29,729,N,VIIRS,n,2.0NRT,295.33,6.63,D
23.73668,86.43343,342.98,0.41,0.37,2026-09-29,729,N,VIIRS,n,2.0NRT,298.98,4.2,D
23.76327,86.40352,338.01,0.41,0.37,2026-09-29,729,N,VIIRS,n,2.0NRT,298.6,3.75,D
23.76666,86.40284,329.67,0.41,0.37,2026-09-29,729,N,VIIRS,n,2.0NRT,297.99,3.75,D
23.77429,86.36414,335.42,0.41,0.37,2026-09-29,729,N,VIIRS,n,2.0NRT,296.65,3.62,D
23.77827,86.3882,339.51,0.41,0.37,2026-09-29,729,N,VIIRS,n,2.0NRT,300.46,5.32,D
23.77983,86.2097,340.78,0.42,0.37,2026-09-29,729,N,VIIRS,n,2.0NRT,300.54,7.95,D
23.80362,86.32985,344.67,0.41,0.37,2026-09-29,729,N,VIIRS,n,2.0NRT,302.2,6.93,D
22.93834,69.18812,334.41,0.42,0.45,2026-09-29,909,N,VIIRS,l,2.0NRT,304.56,1.59,D
23.5273,68.92737,334.68,0.41,0.45,2026-09-29,909,N,VIIRS,l,2.0NRT,305.67,3.01,D
23.91867,72.91904,338.71,0.37,0.58,2026-09-29,909,N,VIIRS,n,2.0NRT,300.39,2.32,D
21.50076,81.8082,305.28,0.48,0.48,2026-09-29,1955,N,VIIRS,n,2.0NRT,294.18,0.81,N
21.67401,84.03998,307.09,0.54,0.42,2026-09-29,1955,N,VIIRS,n,2.0NRT,293.71,1.46,N
21.6779,84.04055,311.59,0.54,0.42,2026-09-29,1955,N,VIIRS,n,2.0NRT,294.47,1.46,N
21.67857,84.03532,305.66,0.54,0.42,2026-09-29,1955,N,VIIRS,n,2.0NRT,293.86,1.93,N
21.74736,83.84081,315.73,0.55,0.43,2026-09-29,1955,N,VIIRS,n,2.0NRT,294.34,2.52,N
21.74974,83.9766,307.73,0.54,0.42,2026-09-29,1955,N,VIIRS,n,2.0NRT,293.91,1.28,N
21.75524,84.02561,314.89,0.54,0.42,2026-09-29,1955,N,VIIRS,n,2.0NRT,294.83,2.45,N
21.75525,83.84192,313.88,0.55,0.43,2026-09-29,1955,N,VIIRS,n,2.0NRT,294.49,2.45,N
21.75594,84.02033,308.68,0.54,0.42,2026-09-29,1955,N,VIIRS,n,2.0NRT,294.96,2.45,N
21.75801,83.82056,304.82,0.55,0.43,2026-09-29,1955,N,VIIRS,n,2.0NRT,293.31,0.9,N
21.7585,83.84785,307.58,0.55,0.43,2026-09-29,1955,N,VIIRS,n,2.0NRT,293.7,2.24,N
21.75946,84.0232,308.34,0.54,0.42,2026-09-29,1955,N,VIIRS,n,2.0NRT,294.59,2.45,N
21.76244,83.84842,318.19,0.55,0.43,2026-09-29,1955,N,VIIRS,n,2.0NRT,294.89,3.28,N
21.76373,84.02153,311.85,0.54,0.42,2026-09-29,1955,N,VIIRS,n,2.0NRT,294.89,2.95,N
21.76401,84.01854,315.82,0.54,0.42,2026-09-29,1955,N,VIIRS,n,2.0NRT,295.61,2.45,N
21.76443,84.01626,305.57,0.54,0.42,2026-09-29,1955,N,VIIRS,n,2.0NRT,294.13,1.58,N
21.76791,84.01912,315.92,0.54,0.42,2026-09-29,1955,N,VIIRS,n,2.0NRT,295.31,2.86,N
21.76832,84.01685,312.63,0.54,0.42,2026-09-29,1955,N,VIIRS,n,2.0NRT,295.18,1.58,N
21.79698,83.88308,309.16,0.55,0.43,2026-09-29,1955,N,VIIRS,n,2.0NRT,293.63,2.14,N
21.80026,82.03806,308.45,0.47,0.48,2026-09-29,1955,N,VIIRS,n,2.0NRT,294.07,1.66,N
21.80334,82.04037,305.64,0.47,0.48,2026-09-29,1955,N,VIIRS,n,2.0NRT,294.54,1.62,N
21.82268,83.99512,305.48,0.54,0.42,2026-09-29,1955,N,VIIRS,n,2.0NRT,294.16,2.22,N
21.85807,83.96808,305.57,0.54,0.42,2026-09-29,1955,N,VIIRS,n,2.0NRT,294.08,1.09,N
21.87395,83.49469,306.35,0.39,0.44,2026-09-29,1955,N,VIIRS,n,2.0NRT,292.64,0.82,N
21.87798,83.4953,304.99,0.39,0.44,2026-09-29,1955,N,VIIRS,n,2.0NRT,292.94,0.82,N
21.87851,83.55644,312.14,0.38,0.43,2026-09-29,1955,N,VIIRS,n,2.0NRT,293.71,0.89,N
21.92034,83.35455,319.12,0.39,0.44,2026-09-29,1955,N,VIIRS,n,2.0NRT,293.89,2.48,N
21.92082,83.35073,337.09,0.39,0.44,2026-09-29,1955,N,VIIRS,n,2.0NRT,296.65,5.75,N
21.92489,83.35133,305.15,0.39,0.44,2026-09-29,1955,N,VIIRS,n,2.0NRT,293.57,1.41,N
21.96689,85.31283,304.2,0.47,0.4,2026-09-29,1955,N,VIIRS,n,2.0NRT,288.59,1.3,N
21.98445,83.23266,317.18,0.4,0.44,2026-09-29,1955,N,VIIRS,n,2.0NRT,295.22,2.48,N
21.9847,83.36707,305.54,0.39,0.44,2026-09-29,1955,N,VIIRS,n,2.0NRT,293.61,0.68,N
22.00478,82.67004,318.89,0.43,0.46,2026-09-29,1955,N,VIIRS,n,2.0NRT,295.97,2.7,N
22.01546,83.75294,310.62,0.56,0.43,2026-09-29,1955,N,VIIRS,n,2.0NRT,294.35,2.35,N
22.017,83.34053,305.9,0.4,0.44,2026-09-29,1955,N,VIIRS,n,2.0NRT,293.76,1.17,N
22.0304,83.36599,308.34,0.39,0.44,2026-09-29,1955,N,VIIRS,n,2.0NRT,294.32,1.74,N
22.03639,83.35127,317.11,0.4,0.44,2026-09-29,1955,N,VIIRS,n,2.0NRT,295.04,1.99,N
22.03806,83.73395,309.56,0.56,0.43,2026-09-29,1955,N,VIIRS,n,2.0NRT,294.99,2.53,N
22.03875,83.72844,309.63,0.56,0.43,2026-09-29,1955,N,VIIRS,n,2.0NRT,294.41,1.79,N
22.06611,83.7044,311.46,0.57,0.43,2026-09-29,1955,N,VIIRS,n,2.0NRT,293.63,1.78,N
22.15333,82.09572,305.53,0.47,0.48,2026-09-29,1955,N,VIIRS,n,2.0NRT,293.72,0.54,N
22.20716,84.55076,307.16,0.51,0.41,2026-09-29,1955,N,VIIRS,n,2.0NRT,294.34,1.36,N
22.20824,84.86313,319.53,0.49,0.41,2026-09-29,1955,N,VIIRS,n,2.0NRT,295.36,3.27,N
22.21135,84.86852,311.47,0.49,0.41,2026-09-29,1955,N,VIIRS,n,2.0NRT,294.27,1.72,N
22.2114,84.839,310.45,0.5,0.41,2026-09-29,1955,N,VIIRS,n,2.0NRT,294.27,2.29,N
22.21198,84.8637,313.03,0.49,0.41,2026-09-29,1955,N,VIIRS,n,2.0NRT,295.44,2.48,N
22.21509,84.86909,307.3,0.49,0.41,2026-09-29,1955,N,VIIRS,n,2.0NRT,294.45,1.72,N
22.21515,84.83959,315.46,0.5,0.41,2026-09-29,1955,N,VIIRS,n,2.0NRT,294.45,2.1,N
22.21839,84.75613,308.01,0.5,0.41,2026-09-29,1955,N,VIIRS,n,2.0NRT,294.73,3.1,N
22.2646,75.13168,303.81,0.65,0.73,2026-09-29,1955,N,VIIRS,n,2.0NRT,291.76,1.33,N
22.26505,75.13331,302.44,0.65,0.73,2026-09-29,1955,N,VIIRS,n,2.0NRT,292.22,1.58,N
22.31661,82.56437,314.9,0.44,0.46,2026-09-29,1955,N,VIIRS,n,2.0NRT,294.79,1.52,N
22.31713,82.56001,307.68,0.44,0.46,2026-09-29,1955,N,VIIRS,n,2.0NRT,293.99,1.52,N
22.32091,82.56496,311.85,0.44,0.46,2026-09-29,1955,N,VIIRS,n,2.0NRT,295.18,1.52,N
22.32212,82.59152,332.18,0.44,0.46,2026-09-29,1955,N,VIIRS,n,2.0NRT,294.82,3.66,N
22.32916,82.60561,319.2,0.44,0.46,2026-09-29,1955,N,VIIRS,n,2.0NRT,293.9,2.32,N
22.35602,82.30412,308.45,0.46,0.47,2026-09-29,1955,N,VIIRS,n,2.0NRT,294.19,1.63,N
22.36092,82.30024,306.66,0.46,0.47,2026-09-29,1955,N,VIIRS,n,2.0NRT,293.58,1.89,N
22.57313,85.89594,318.43,0.45,0.39,2026-09-29,1955,N,VIIRS,n,2.0NRT,292.23,1.97,N
22.57374,85.89156,307.23,0.45,0.39,2026-09-29,1955,N,VIIRS,n,2.0NRT,291.5,1.31,N
22.58829,85.90513,305.42,0.45,0.39,2026-09-29,1955,N,VIIRS,n,2.0NRT,290.81,1.03,N
22.60909,85.91296,311.96,0.45,0.39,2026-09-29,1955,N,VIIRS,n,2.0NRT,290.3,1.22,N
22.78473,86.20189,306.43,0.44,0.38,2026-09-29,1955,N,VIIRS,n,2.0NRT,287.04,0.88,N
22.78885,86.19818,302.98,0.44,0.38,2026-09-29,1955,N,VIIRS,n,2.0NRT,281.66,0.88,N
22.7906,86.21153,303.91,0.44,0.38,2026-09-29,1955,N,VIIRS,n,2.0NRT,284.3,1.03,N
22.79178,86.20304,300.68,0.44,0.38,2026-09-29,1955,N,VIIRS,n,2.0NRT,283.74,0.46,N
22.79238,86.19876,297.36,0.44,0.38,2026-09-29,1955,N,VIIRS,n,2.0NRT,280.55,0.46,N
22.79472,86.20784,312.93,0.44,0.38,2026-09-29,1955,N,VIIRS,n,2.0NRT,283.76,1.03,N
22.7959,86.19933,301.53,0.44,0.38,2026-09-29,1955,N,VIIRS,n,2.0NRT,279.9,0.46,N
22.79825,86.2084,318.22,0.44,0.38,2026-09-29,1955,N,VIIRS,n,2.0NRT,283.75,1.61,N
22.79944,86.19989,297.84,0.44,0.38,2026-09-29,1955,N,VIIRS,n,2.0NRT,279.84,0.83,N
22.80016,86.09048,306.8,0.44,0.38,2026-09-29,1955,N,VIIRS,n,2.0NRT,289.79,1.11,N
22.81794,86.04053,303.88,0.44,0.39,2026-09-29,1955,N,VIIRS,n,2.0NRT,285.91,0.71,N
22.81854,86.03621,301.62,0.44,0.39,2026-09-29,1955,N,VIIRS,n,2.0NRT,286.49,0.71,N
22.85582,86.05546,305.16,0.44,0.39,2026-09-29,1955,N,VIIRS,n,2.0NRT,288.94,0.65,N
22.87297,86.06264,314.24,0.44,0.39,2026-09-29,1955,N,VIIRS,n,2.0NRT,291.21,1.46,N
23.1654,82.34374,304.83,0.47,0.48,2026-09-29,1955,N,VIIRS,n,2.0NRT,292.49,1.09,N
23.16591,82.33915,310.33,0.47,0.48,2026-09-29,1955,N,VIIRS,n,2.0NRT,293.64,2.19,N
23.5811,86.72681,309.62,0.43,0.38,2026-09-29,1955,N,VIIRS,n,2.0NRT,292.29,1.15,N
23.61027,85.6769,304.8,0.47,0.4,2026-09-29,1955,N,VIIRS,n,2.0NRT,293.85,0.75,N
23.64539,85.44005,313.08,0.48,0.4,2026-09-29,1955,N,VIIRS,n,2.0NRT,293.38,2,N
23.64908,85.44064,313.53,0.48,0.4,2026-09-29,1955,N,VIIRS,n,2.0NRT,293.53,1.78,N
23.6497,85.43595,323.6,0.48,0.4,2026-09-29,1955,N,VIIRS,n,2.0NRT,294.11,1.78,N
23.65508,85.50883,306.16,0.48,0.4,2026-09-29,1955,N,VIIRS,n,2.0NRT,293.83,1.22,N
23.66291,86.9128,309.16,0.42,0.38,2026-09-29,1955,N,VIIRS,n,2.0NRT,290.96,1.6,N
23.66465,84.99731,306.79,0.5,0.41,2026-09-29,1955,N,VIIRS,n,2.0NRT,291.29,1.75,N
23.66842,84.99788,306.19,0.5,0.41,2026-09-29,1955,N,VIIRS,n,2.0NRT,292.06,0.89,N
23.66899,86.09306,308.75,0.45,0.39,2026-09-29,1955,N,VIIRS,n,2.0NRT,292.66,1.45,N
23.67035,86.93516,320.79,0.42,0.38,2026-09-29,1955,N,VIIRS,n,2.0NRT,291.56,2.63,N
23.67362,86.40054,306.28,0.44,0.38,2026-09-29,1955,N,VIIRS,n,2.0NRT,293.21,1.81,N
23.67377,86.08482,307.64,0.45,0.39,2026-09-29,1955,N,VIIRS,n,2.0NRT,292.39,0.77,N
23.67422,86.39625,306.59,0.44,0.38,2026-09-29,1955,N,VIIRS,n,2.0NRT,293.63,1.4,N
23.67581,85.3238,307.55,0.49,0.4,2026-09-29,1955,N,VIIRS,n,2.0NRT,293.26,1.3,N
23.67715,86.40114,316.08,0.44,0.38,2026-09-29,1955,N,VIIRS,n,2.0NRT,294.97,2.06,N
23.67735,86.08539,315.51,0.45,0.39,2026-09-29,1955,N,VIIRS,n,2.0NRT,294.15,3.03,N
23.67774,86.39686,321.3,0.44,0.38,2026-09-29,1955,N,VIIRS,n,2.0NRT,294.64,1.28,N
23.67835,86.39256,308.27,0.44,0.38,2026-09-29,1955,N,VIIRS,n,2.0NRT,291.8,1.28,N
23.67912,86.09921,306.74,0.45,0.39,2026-09-29,1955,N,VIIRS,n,2.0NRT,292.56,1.34,N
23.67972,86.0948,307.35,0.45,0.39,2026-09-29,1955,N,VIIRS,n,2.0NRT,292.6,2.07,N
23.68127,86.39747,308,0.44,0.38,2026-09-29,1955,N,VIIRS,n,2.0NRT,293.18,1.28,N
23.68188,86.39315,307.69,0.44,0.38,2026-09-29,1955,N,VIIRS,n,2.0NRT,293.19,1.28,N
23.6854,86.39377,323.92,0.44,0.38,2026-09-29,1955,N,VIIRS,n,2.0NRT,293.95,2.29,N
23.6951,85.29252,305.52,0.49,0.4,2026-09-29,1955,N,VIIRS,n,2.0NRT,293.05,1.84,N
23.69573,85.28773,321,0.49,0.4,2026-09-29,1955,N,VIIRS,n,2.0NRT,294.04,1.84,N
23.6967,85.36605,310.98,0.48,0.4,2026-09-29,1955,N,VIIRS,n,2.0NRT,292.9,1.68,N
23.69706,86.075,317.15,0.45,0.39,2026-09-29,1955,N,VIIRS,n,2.0NRT,291.34,2.03,N
23.71005,86.44878,309.55,0.44,0.38,2026-09-29,1955,N,VIIRS,n,2.0NRT,294.87,1.52,N
23.71298,86.45367,309.15,0.44,0.38,2026-09-29,1955,N,VIIRS,n,2.0NRT,293.67,1.35,N
23.71357,86.44938,316.5,0.44,0.38,2026-09-29,1955,N,VIIRS,n,2.0NRT,294.83,1.35,N
23.7136,86.42305,315.55,0.44,0.38,2026-09-29,1955,N,VIIRS,n,2.0NRT,294.92,2.84,N
23.71772,86.41935,306.68,0.44,0.38,2026-09-29,1955,N,VIIRS,n,2.0NRT,292.27,1.21,N
23.71828,86.4414,314.74,0.44,0.38,2026-09-29,1955,N,VIIRS,n,2.0NRT,294.61,2.41,N
23.72087,85.00799,306.2,0.5,0.41,2026-09-29,1955,N,VIIRS,n,2.0NRT,291.91,1.05,N
23.72239,86.4377,312.26,0.44,0.38,2026-09-29,1955,N,VIIRS,n,2.0NRT,293.9,2.13,N
23.73708,86.43577,328.57,0.44,0.38,2026-09-29,1955,N,VIIRS,n,2.0NRT,296.3,2.96,N
23.73767,86.43149,326.25,0.44,0.38,2026-09-29,1955,N,VIIRS,n,2.0NRT,295.35,3.71,N
23.73975,85.01097,310.64,0.5,0.41,2026-09-29,1955,N,VIIRS,n,2.0NRT,293.84,2.46,N
23.74405,85.50594,303.87,0.48,0.4,2026-09-29,1955,N,VIIRS,n,2.0NRT,292.92,0.56,N
23.75063,86.41612,318.81,0.44,0.38,2026-09-29,1955,N,VIIRS,n,2.0NRT,294.23,2.3,N
23.75294,85.85539,307.35,0.46,0.39,2026-09-29,1955,N,VIIRS,n,2.0NRT,293.35,1.43,N
23.75596,86.4038,313.68,0.44,0.38,2026-09-29,1955,N,VIIRS,n,2.0NRT,294,1.53,N
23.75655,85.856,311.71,0.46,0.39,2026-09-29,1955,N,VIIRS,n,2.0NRT,294.85,1.43,N
23.75717,85.85145,307.15,0.46,0.39,2026-09-29,1955,N,VIIRS,n,2.0NRT,293.63,1.87,N
23.75949,86.4044,315.57,0.44,0.38,2026-09-29,1955,N,VIIRS,n,2.0NRT,293.96,1.53,N
23.75955,85.86108,304.84,0.46,0.39,2026-09-29,1955,N,VIIRS,n,2.0NRT,292.8,0.96,N
23.76009,86.40007,318.89,0.44,0.38,2026-09-29,1955,N,VIIRS,n,2.0NRT,294.12,3.71,N
23.76017,85.85657,311.78,0.46,0.39,2026-09-29,1955,N,VIIRS,n,2.0NRT,293.58,0.96,N
23.76302,86.405,330.76,0.44,0.38,2026-09-29,1955,N,VIIRS,n,2.0NRT,295,3.15,N
23.76362,86.40067,309.68,0.44,0.38,2026-09-29,1955,N,VIIRS,n,2.0NRT,293.25,1.65,N
23.76422,86.39635,307.21,0.44,0.38,2026-09-29,1955,N,VIIRS,n,2.0NRT,294.51,1.65,N
23.76482,86.39204,311.48,0.44,0.38,2026-09-29,1955,N,VIIRS,n,2.0NRT,295.08,2.78,N
23.76655,86.40557,328.44,0.44,0.38,2026-09-29,1955,N,VIIRS,n,2.0NRT,295.37,3.15,N
23.76715,86.40125,317.57,0.44,0.38,2026-09-29,1955,N,VIIRS,n,2.0NRT,294.7,1.65,N
23.77196,86.36679,308.72,0.44,0.38,2026-09-29,1955,N,VIIRS,n,2.0NRT,291.84,1.57,N
23.77257,86.36246,319.96,0.44,0.38,2026-09-29,1955,N,VIIRS,n,2.0NRT,291.67,1.57,N
23.77355,86.19801,312.21,0.45,0.39,2026-09-29,1955,N,VIIRS,n,2.0NRT,290.66,2.43,N
23.77559,85.9948,306.82,0.46,0.39,2026-09-29,1955,N,VIIRS,n,2.0NRT,292.49,1.5,N
23.7759,86.20737,305.27,0.45,0.39,2026-09-29,1955,N,VIIRS,n,2.0NRT,290.57,1.73,N
23.77601,86.38954,315.6,0.44,0.38,2026-09-29,1955,N,VIIRS,n,2.0NRT,293.42,2.62,N
23.7761,86.36304,313.54,0.44,0.38,2026-09-29,1955,N,VIIRS,n,2.0NRT,292.57,2.16,N
23.77661,86.38525,306.54,0.44,0.38,2026-09-29,1955,N,VIIRS,n,2.0NRT,292.71,1.87,N
23.77852,86.34573,304.68,0.44,0.38,2026-09-29,1955,N,VIIRS,n,2.0NRT,290.79,0.74,N
23.77885,86.21238,320.45,0.45,0.39,2026-09-29,1955,N,VIIRS,n,2.0NRT,290.93,2.62,N
23.77946,86.20799,311.83,0.45,0.39,2026-09-29,1955,N,VIIRS,n,2.0NRT,291.55,1.73,N
23.77954,86.39014,333.55,0.44,0.38,2026-09-29,1955,N,VIIRS,n,2.0NRT,295.89,4.96,N
23.78004,85.57371,307.33,0.47,0.4,2026-09-29,1955,N,VIIRS,n,2.0NRT,294.52,1.7,N
23.78017,86.14973,305.41,0.45,0.39,2026-09-29,1955,N,VIIRS,n,2.0NRT,289.24,0.7,N
23.78196,86.37286,306.7,0.44,0.38,2026-09-29,1955,N,VIIRS,n,2.0NRT,292.65,0.86,N
23.78205,86.34634,304.79,0.44,0.38,2026-09-29,1955,N,VIIRS,n,2.0NRT,291.4,0.74,N
23.79423,86.23276,304.13,0.45,0.39,2026-09-29,1955,N,VIIRS,n,2.0NRT,289.35,1.18,N
23.7956,86.35303,316.94,0.44,0.38,2026-09-29,1955,N,VIIRS,n,2.0NRT,292.98,1.75,N
23.79621,86.34869,308.66,0.44,0.38,2026-09-29,1955,N,VIIRS,n,2.0NRT,292.33,1.75,N
23.79974,86.3493,308.66,0.44,0.38,2026-09-29,1955,N,VIIRS,n,2.0NRT,293.56,1.24,N
23.80216,86.33202,326.03,0.44,0.38,2026-09-29,1955,N,VIIRS,n,2.0NRT,293.41,2.91,N
23.80277,86.32767,316.01,0.44,0.38,2026-09-29,1955,N,VIIRS,n,2.0NRT,293.18,1.5,N
23.80338,86.32331,308.38,0.44,0.38,2026-09-29,1955,N,VIIRS,n,2.0NRT,291.74,1.5,N
23.80527,86.64165,306.13,0.43,0.38,2026-09-29,1955,N,VIIRS,n,2.0NRT,292.42,0.62,N
23.80632,86.32825,309.59,0.44,0.38,2026-09-29,1955,N,VIIRS,n,2.0NRT,292.99,1.5,N
23.82536,84.9393,303.84,0.51,0.41,2026-09-29,1955,N,VIIRS,n,2.0NRT,291.27,0.95,N
23.83772,85.47009,309.98,0.48,0.4,2026-09-29,1955,N,VIIRS,n,2.0NRT,293.81,1.39,N
23.83877,85.47296,304.82,0.48,0.4,2026-09-29,1955,N,VIIRS,n,2.0NRT,292.1,0.76,N
23.83989,84.94671,306.47,0.51,0.41,2026-09-29,1955,N,VIIRS,n,2.0NRT,290.51,1.29,N
23.92619,85.34388,302.6,0.49,0.4,2026-09-29,1955,N,VIIRS,n,2.0NRT,290.78,0.88,N
22.26718,75.13565,303.03,0.47,0.64,2026-09-29,2138,N,VIIRS,n,2.0NRT,292.9,1.51,N
22.33992,69.85526,307.37,0.44,0.46,2026-09-29,2138,N,VIIRS,n,2.0NRT,296.76,1.66,N
22.36373,73.11809,306.61,0.35,0.57,2026-09-29,2138,N,VIIRS,n,2.0NRT,295.65,3.38,N
22.36388,73.11867,307.64,0.35,0.57,2026-09-29,2138,N,VIIRS,n,2.0NRT,295.71,3.32,N
22.41619,69.03839,320.89,0.39,0.44,2026-09-29,2138,N,VIIRS,n,2.0NRT,296.42,2.96,N
22.90718,69.69958,310.9,0.42,0.45,2026-09-29,2138,N,VIIRS,n,2.0NRT,295.66,1.02,N
22.93284,69.70114,309.3,0.42,0.45,2026-09-29,2138,N,VIIRS,n,2.0NRT,295.93,1.5,N
22.93364,69.69706,312.95,0.42,0.45,2026-09-29,2138,N,VIIRS,n,2.0NRT,296.08,1.43,N
23.11472,70.08511,306.64,0.44,0.46,2026-09-29,2138,N,VIIRS,n,2.0NRT,295.91,1.18,N
23.11894,70.08611,309.1,0.44,0.46,2026-09-29,2138,N,VIIRS,n,2.0NRT,295.86,1.25,N
23.12253,70.08498,317.92,0.44,0.46,2026-09-29,2138,N,VIIRS,n,2.0NRT,295.45,1.5,N
23.12316,70.08709,314.5,0.44,0.46,2026-09-29,2138,N,VIIRS,n,2.0NRT,295.58,1.25,N
22.32272,82.59407,335.56,0.43,0.62,2026-09-30,709,N,VIIRS,n,2.0NRT,294.12,4.23,D
23.67715,86.39932,331.98,0.47,0.47,2026-09-30,709,N,VIIRS,n,2.0NRT,299.5,6.87,D
23.76453,86.40531,336.01,0.46,0.47,2026-09-30,709,N,VIIRS,n,2.0NRT,297.72,7.49,D
23.80483,86.33103,328.74,0.47,0.48,2026-09-30,709,N,VIIRS,n,2.0NRT,293.38,5.56,D
22.32071,76.99232,330.19,0.32,0.55,2026-09-30,850,N,VIIRS,l,2.0NRT,300.65,2.26,D
22.4177,69.04048,338.58,0.39,0.36,2026-09-30,850,N,VIIRS,n,2.0NRT,306.43,3.86,D
22.61907,76.99783,330.25,0.32,0.55,2026-09-30,850,N,VIIRS,l,2.0NRT,303.07,3.98,D
22.90743,69.85045,337.07,0.41,0.37,2026-09-30,850,N,VIIRS,n,2.0NRT,304.61,5.03,D
22.93446,69.69743,334.1,0.4,0.37,2026-09-30,850,N,VIIRS,l,2.0NRT,306.62,2.92,D
22.93722,75.37798,340.77,0.52,0.5,2026-09-30,850,N,VIIRS,n,2.0NRT,305.63,2.44,D
22.95754,75.74474,331.02,0.54,0.51,2026-09-30,850,N,VIIRS,l,2.0NRT,305.96,3.77,D
23.03371,73.38361,341.57,0.39,0.44,2026-09-30,850,N,VIIRS,n,2.0NRT,302.82,4.52,D
23.45714,76.73722,333.29,0.32,0.54,2026-09-30,850,N,VIIRS,l,2.0NRT,304.57,1.44,D
23.48372,77.01818,330.11,0.33,0.55,2026-09-30,850,N,VIIRS,n,2.0NRT,295.23,1.34,D
23.53423,76.89674,336.27,0.33,0.55,2026-09-30,850,N,VIIRS,n,2.0NRT,306.13,1.94,D
23.632,76.81561,339.93,0.32,0.55,2026-09-30,850,N,VIIRS,n,2.0NRT,303.91,2.01,D